{"cameraMode":{"drawMode":0,"name":"Shaded","section":"Shading Mode"},"sceneLighting":false,"audioPlay":false,"sceneViewState":{"showFog":true,"showMaterialUpdate":false,"showSkybox":false,"showFlares":true,"showImageEffects":true,"showParticleSystems":true},"in2DMode":false,"pivot":{"x":-0.20704124867916108,"y":0.10274638235569,"z":8.1515531539917},"rotation":{"x":-0.2197355479001999,"y":-0.15387755632400514,"z":0.0352681502699852,"w":-0.9627841114997864},"size":0.1150314137339592,"orthographic":false}