{"cameraMode":{"drawMode":0,"name":"Shaded","section":"Shading Mode"},"sceneLighting":false,"audioPlay":false,"sceneViewState":{"showFog":true,"showMaterialUpdate":false,"showSkybox":false,"showFlares":true,"showImageEffects":true,"showParticleSystems":true},"in2DMode":false,"pivot":{"x":0.274823397397995,"y":0.517014741897583,"z":10.90099048614502},"rotation":{"x":-0.1624353677034378,"y":-0.08786599338054657,"z":0.01453644409775734,"w":-0.9827364683151245},"size":0.55901700258255,"orthographic":false}