{"cameraMode":{"drawMode":0,"name":"Shaded","section":"Shading Mode"},"sceneLighting":false,"audioPlay":false,"sceneViewState":{"m_AlwaysRefresh":false,"showFog":true,"showSkybox":false,"showFlares":true,"showImageEffects":true,"showParticleSystems":true,"showVisualEffectGraphs":true,"m_FxEnabled":true},"in2DMode":false,"pivot":{"x":-5.385575294494629,"y":1.9695254564285279,"z":-1.184422492980957},"rotation":{"x":-0.24526236951351167,"y":-0.026677824556827546,"z":0.005813126917928457,"w":-0.9692696928977966},"size":2.2568087577819826,"orthographic":false}