{"cameraMode":{"drawMode":0,"name":"Shaded","section":"Shading Mode"},"sceneLighting":false,"audioPlay":false,"sceneViewState":{"m_AlwaysRefresh":false,"showFog":true,"showSkybox":false,"showFlares":true,"showImageEffects":true,"showParticleSystems":true,"showVisualEffectGraphs":true,"m_FxEnabled":true},"in2DMode":false,"pivot":{"x":-0.2598642110824585,"y":3.4403650760650636,"z":10.614977836608887},"rotation":{"x":0.065595343708992,"y":-0.030161825940012933,"z":-0.002927860477939248,"w":-0.9975773692131043},"size":1.5551860332489014,"orthographic":false}