{"cameraMode":{"drawMode":0,"name":"Shaded","section":"Shading Mode"},"sceneLighting":true,"audioPlay":false,"sceneViewState":{"showFog":true,"showMaterialUpdate":false,"showSkybox":true,"showFlares":true,"showImageEffects":true,"showParticleSystems":true},"in2DMode":false,"pivot":{"x":8.66566276550293,"y":9.657757759094239,"z":4.873110771179199},"rotation":{"x":0.10501659661531449,"y":-0.043249402195215228,"z":0.0045907036401331429,"w":0.993529200553894},"size":5.923858165740967,"orthographic":false}