{"cameraMode":{"drawMode":0,"name":"Shaded","section":"Shading Mode"},"sceneLighting":false,"audioPlay":false,"sceneViewState":{"m_AlwaysRefresh":false,"showFog":true,"showSkybox":false,"showFlares":true,"showImageEffects":true,"showParticleSystems":true,"showVisualEffectGraphs":true,"m_FxEnabled":true},"in2DMode":false,"pivot":{"x":-10.089446067810059,"y":0.8747262358665466,"z":-0.49696993827819826},"rotation":{"x":-0.09468250721693039,"y":0.004103494808077812,"z":-0.0013488909462466837,"w":-0.9956901669502258},"size":1.9327621459960938,"orthographic":false}