{"cameraMode":{"drawMode":0,"name":"Shaded","section":"Shading Mode"},"sceneLighting":true,"audioPlay":false,"sceneViewState":{"m_AlwaysRefresh":false,"showFog":true,"showSkybox":true,"showFlares":true,"showImageEffects":true,"showParticleSystems":true,"showVisualEffectGraphs":true,"m_FxEnabled":true},"in2DMode":false,"pivot":{"x":-5.2763872146606449,"y":0.8919239640235901,"z":17.5683536529541},"rotation":{"x":-0.06577423214912415,"y":0.07419867068529129,"z":-0.0048718866892158989,"w":-0.99508136510849},"size":14.681148529052735,"orthographic":false}