{"cameraMode":{"drawMode":0,"name":"Shaded","section":"Shading Mode"},"sceneLighting":false,"audioPlay":false,"sceneViewState":{"m_AlwaysRefresh":false,"showFog":true,"showSkybox":false,"showFlares":true,"showImageEffects":true,"showParticleSystems":true,"showVisualEffectGraphs":true,"m_FxEnabled":true},"in2DMode":false,"pivot":{"x":-14.33361530303955,"y":15.294631958007813,"z":9.796310424804688},"rotation":{"x":-0.16007760167121888,"y":-0.03596823289990425,"z":0.004887523129582405,"w":-0.9866299033164978},"size":16.448652267456056,"orthographic":false}