{"cameraMode":{"drawMode":0,"name":"Shaded","section":"Shading Mode"},"sceneLighting":false,"audioPlay":false,"sceneViewState":{"m_AlwaysRefresh":false,"showFog":true,"showSkybox":false,"showFlares":true,"showImageEffects":true,"showParticleSystems":true,"showVisualEffectGraphs":true,"m_FxEnabled":true},"in2DMode":false,"pivot":{"x":-2.383089065551758,"y":-0.07249593734741211,"z":9.516361236572266},"rotation":{"x":-0.16007760167121888,"y":-0.03596823289990425,"z":0.004887523129582405,"w":-0.9866299033164978},"size":5.204229354858398,"orthographic":false}