{"cameraMode":{"drawMode":0,"name":"Shaded","section":"Shading Mode"},"sceneLighting":false,"audioPlay":false,"sceneViewState":{"showFog":true,"showMaterialUpdate":false,"showSkybox":false,"showFlares":true,"showImageEffects":true,"showParticleSystems":true},"in2DMode":false,"pivot":{"x":-0.5009030103683472,"y":1.9715759754180909,"z":2.9777777194976808},"rotation":{"x":0.32967665791511538,"y":0.4213363230228424,"z":-0.1677575260400772,"w":0.8280627727508545},"size":1.9524476528167725,"orthographic":false}