{"cameraMode":{"drawMode":0,"name":"Shaded","section":"Shading Mode"},"sceneLighting":false,"audioPlay":false,"sceneViewState":{"showFog":true,"showMaterialUpdate":false,"showSkybox":false,"showFlares":true,"showImageEffects":true,"showParticleSystems":true},"in2DMode":false,"pivot":{"x":-3.1305058002471926,"y":0.21015162765979768,"z":5.0968098640441898},"rotation":{"x":0.00012566943769343197,"y":0.9763791561126709,"z":-0.21609307825565339,"w":0.0005876217037439346},"size":1.0577869415283204,"orthographic":false}