{"cameraMode":{"drawMode":0,"name":"Shaded","section":"Shading Mode"},"sceneLighting":true,"audioPlay":false,"sceneViewState":{"showFog":true,"showMaterialUpdate":false,"showSkybox":true,"showFlares":true,"showImageEffects":true,"showParticleSystems":true},"in2DMode":false,"pivot":{"x":3.279726028442383,"y":4.978654861450195,"z":-13.904618263244629},"rotation":{"x":-0.17742547392845155,"y":0.3817637860774994,"z":-0.07492992281913758,"w":-0.9039711952209473},"size":10.0,"orthographic":false}