{"cameraMode":{"drawMode":0,"name":"Shaded","section":"Shading Mode"},"sceneLighting":false,"audioPlay":false,"sceneViewState":{"m_AlwaysRefresh":false,"showFog":true,"showSkybox":false,"showFlares":true,"showImageEffects":true,"showParticleSystems":true,"showVisualEffectGraphs":true,"m_FxEnabled":true},"in2DMode":false,"pivot":{"x":-0.49148643016815188,"y":0.7731394171714783,"z":1.2662886381149293},"rotation":{"x":-0.3875390887260437,"y":0.24132360517978669,"z":-0.10589774698019028,"w":-0.8834200501441956},"size":2.102879762649536,"orthographic":false}